tenant_id,company_name,plan,region,industry,employee_size,csm_assigned
ten_001,Johnson-Davis,business,NAM,Education,51-200,Joshua
ten_002,Wagner Inc,business,APAC,Retail,51-200,Patricia
ten_003,"Gonzalez, Santos and Gardner",business,LATAM,Government,1000+,Danielle
ten_004,Cole LLC,business,APAC,Manufacturing,1-50,Patricia
ten_005,Blake and Sons,starter,LATAM,Retail,51-200,Angel
ten_006,"Henderson, Ramirez and Lewis",enterprise,NAM,Technology,1-50,Joshua
ten_007,Garcia-James,business,LATAM,Manufacturing,51-200,Angel
ten_008,Abbott-Munoz,enterprise,EMEA,Technology,201-1000,Angel
ten_009,Blair PLC,starter,LATAM,Retail,1-50,Christopher
ten_010,Dudley Group,enterprise,APAC,Education,1000+,Jeffrey
ten_011,Arnold Ltd,business,NAM,Legal,201-1000,Christopher
ten_012,"Mcclure, Ward and Lee",starter,EMEA,Technology,51-200,Danielle
ten_013,Williams and Sons,starter,LATAM,Manufacturing,1-50,Jeffrey
ten_014,Galloway-Wyatt,starter,NAM,Legal,1-50,Christopher
ten_015,James Group,enterprise,NAM,Manufacturing,51-200,Christopher
ten_016,"Flowers, Martin and Kelly",enterprise,EMEA,Manufacturing,201-1000,Angel
ten_017,"Adams, Zuniga and Wong",starter,NAM,Government,51-200,Angel
ten_018,"Reid, Ferguson and Sanchez",business,EMEA,Finance,1000+,Jeffrey
ten_019,Gray-Mayo,starter,APAC,Finance,1-50,Danielle
ten_020,"Watts, Robinson and Nguyen",enterprise,EMEA,Legal,1-50,Jill
ten_021,Perez Inc,starter,EMEA,Manufacturing,1-50,Christopher
ten_022,Morales-Jones,starter,EMEA,Healthcare,201-1000,Angel
ten_023,"Walter, Edwards and Rios",business,EMEA,Technology,51-200,Danielle
ten_024,Wilkerson-Day,business,NAM,Manufacturing,1000+,Jeffrey
ten_025,Baker and Sons,business,EMEA,Government,51-200,Angel
ten_026,"Hoffman, Baker and Richards",starter,LATAM,Healthcare,51-200,Jill
ten_027,"Ross, Robinson and Bright",starter,APAC,Manufacturing,1-50,Christopher
ten_028,"Snyder, Campos and Callahan",enterprise,LATAM,Finance,201-1000,Jill
ten_029,Burton Ltd,enterprise,EMEA,Healthcare,201-1000,Joshua
ten_030,Carlson-Cruz,starter,EMEA,Government,51-200,Jill
ten_031,"Ferrell, Rice and Maddox",enterprise,NAM,Government,1-50,Erica
ten_032,Frazier Inc,business,EMEA,Legal,51-200,Patricia
ten_033,"Dyer, Potter and Mack",business,LATAM,Finance,201-1000,Joshua
ten_034,Rodriguez-Graham,business,APAC,Finance,201-1000,Jeffrey
ten_035,Smith-Bowen,starter,APAC,Education,1000+,Joshua
ten_036,"Baker, Mason and White",enterprise,LATAM,Retail,201-1000,Danielle
ten_037,Harrell LLC,starter,APAC,Technology,1-50,Angel
ten_038,"Romero, Gonzalez and Brooks",starter,EMEA,Legal,51-200,Jeffrey
ten_039,Ryan PLC,starter,EMEA,Healthcare,1000+,Jill
ten_040,George Group,starter,LATAM,Manufacturing,1000+,Angel
ten_041,Rodriguez LLC,enterprise,EMEA,Education,51-200,Erica
ten_042,Allen-Allen,business,EMEA,Technology,1-50,Patricia
ten_043,"Arroyo, Miller and Tucker",starter,NAM,Technology,51-200,Angel
ten_044,Spence PLC,starter,EMEA,Healthcare,201-1000,Jill
ten_045,Anderson Group,business,NAM,Retail,1-50,Patricia
ten_046,"Martin, Rose and Obrien",business,NAM,Education,51-200,Danielle
ten_047,Hickman Ltd,starter,NAM,Manufacturing,51-200,Christopher
ten_048,"Harris, Collins and Carney",business,EMEA,Manufacturing,1-50,Jeffrey
ten_049,"Brooks, Lam and Hayes",business,EMEA,Finance,1-50,Christopher
ten_050,Walker LLC,business,APAC,Technology,201-1000,Patricia
ten_051,Chapman and Sons,starter,NAM,Healthcare,201-1000,Jeffrey
ten_052,"Robinson, Jones and Welch",starter,NAM,Technology,1000+,Angel
ten_053,Jones Inc,business,LATAM,Legal,51-200,Patricia
ten_054,Jones-Young,enterprise,NAM,Legal,51-200,Jeffrey
ten_055,"Washington, Ryan and Cummings",enterprise,NAM,Technology,1-50,Angel
ten_056,"Johnston, Sanchez and Kennedy",business,EMEA,Healthcare,1-50,Jeffrey
ten_057,Lee-Davis,starter,EMEA,Education,51-200,Christopher
ten_058,Gomez-Jenkins,business,LATAM,Finance,201-1000,Patricia
ten_059,"Brown, Valdez and Lucas",business,APAC,Education,51-200,Jeffrey
ten_060,Powell LLC,business,EMEA,Manufacturing,201-1000,Patricia
ten_061,Wright and Sons,business,LATAM,Finance,1000+,Danielle
ten_062,"West, Henderson and Ramirez",starter,EMEA,Government,51-200,Jeffrey
ten_063,Baxter Inc,business,EMEA,Education,1-50,Angel
ten_064,Morton-Chase,business,EMEA,Healthcare,201-1000,Danielle
ten_065,Williams PLC,starter,APAC,Retail,1-50,Christopher
ten_066,Novak and Sons,business,NAM,Government,201-1000,Joshua
ten_067,Russell Group,business,APAC,Retail,1000+,Angel
ten_068,Hancock Inc,business,NAM,Education,51-200,Jeffrey
ten_069,Gray Group,starter,EMEA,Government,201-1000,Angel
ten_070,House-Glover,business,EMEA,Education,201-1000,Angel
ten_071,Henderson-Bernard,business,APAC,Healthcare,51-200,Erica
ten_072,"Stanley, Tucker and Lee",business,NAM,Government,51-200,Christopher
ten_073,Novak PLC,business,EMEA,Technology,201-1000,Angel
ten_074,"Daniels, Adkins and Brown",starter,NAM,Education,51-200,Christopher
ten_075,"Woods, Calhoun and Schmidt",enterprise,EMEA,Government,51-200,Jill
ten_076,Yu Inc,business,EMEA,Education,51-200,Jeffrey
ten_077,Jones Inc,business,NAM,Finance,1-50,Jeffrey
ten_078,"Hensley, Powell and David",business,NAM,Legal,51-200,Erica
ten_079,"Sanchez, Wheeler and Harvey",business,EMEA,Legal,1-50,Jill
ten_080,Sandoval-Cunningham,starter,NAM,Retail,1-50,Christopher
ten_081,Donovan-Harris,starter,NAM,Healthcare,201-1000,Jill
ten_082,"Edwards, Baker and Anderson",starter,EMEA,Finance,51-200,Joshua
ten_083,"Evans, Stewart and Walton",business,APAC,Government,51-200,Christopher
ten_084,Smith PLC,starter,LATAM,Legal,1-50,Angel
ten_085,"Ferrell, Jones and Lewis",business,NAM,Retail,1-50,Jill
ten_086,Anderson-Bailey,starter,APAC,Technology,201-1000,Patricia
ten_087,Suarez LLC,business,LATAM,Government,51-200,Danielle
ten_088,Moore-Bass,starter,NAM,Government,201-1000,Joshua
ten_089,"Turner, Riggs and Roman",starter,EMEA,Legal,201-1000,Christopher
ten_090,"Smith, Montoya and Evans",starter,EMEA,Legal,1-50,Jeffrey
ten_091,"Garcia, Humphrey and Baker",enterprise,NAM,Technology,51-200,Jeffrey
ten_092,Newton and Sons,business,EMEA,Retail,201-1000,Jill
ten_093,Campbell-Clark,business,NAM,Government,51-200,Christopher
ten_094,Harris-Walters,business,NAM,Government,1-50,Jeffrey
ten_095,Wagner-King,enterprise,NAM,Finance,1000+,Jill
ten_096,Davis Group,business,NAM,Legal,1000+,Joshua
ten_097,Williams-Cook,enterprise,LATAM,Legal,51-200,Erica
ten_098,Walsh LLC,starter,EMEA,Legal,1-50,Patricia
ten_099,Figueroa PLC,enterprise,EMEA,Manufacturing,1-50,Patricia
ten_100,"Patterson, Smith and Jones",enterprise,NAM,Legal,51-200,Jeffrey
ten_101,"Mckee, Gardner and Davenport",starter,NAM,Finance,1-50,Joshua
ten_102,"Tran, Jordan and Williams",enterprise,EMEA,Technology,201-1000,Jill
ten_103,Nolan-Flynn,business,EMEA,Healthcare,51-200,Angel
ten_104,Nolan and Sons,business,NAM,Government,51-200,Christopher
ten_105,"Wright, Garcia and Deleon",enterprise,EMEA,Technology,1000+,Joshua
ten_106,Dickson-Brady,starter,EMEA,Government,201-1000,Jill
ten_107,Hancock and Sons,business,LATAM,Legal,201-1000,Christopher
ten_108,Johnson-Doyle,business,APAC,Education,51-200,Erica
ten_109,Patton-Jenkins,enterprise,NAM,Technology,201-1000,Patricia
ten_110,"Shields, Cochran and Adams",starter,LATAM,Education,51-200,Joshua
ten_111,"Rodriguez, Brennan and Garrison",business,EMEA,Healthcare,201-1000,Christopher
ten_112,Gonzalez Group,starter,NAM,Retail,1-50,Jill
ten_113,Torres-Pope,starter,APAC,Education,1000+,Christopher
ten_114,Walker Ltd,enterprise,EMEA,Government,1000+,Angel
ten_115,Ross LLC,business,NAM,Government,1000+,Danielle
ten_116,Rasmussen LLC,starter,EMEA,Retail,1-50,Patricia
ten_117,May-Ross,business,EMEA,Education,51-200,Jeffrey
ten_118,"Rivera, Johnson and Wiley",business,NAM,Government,51-200,Danielle
ten_119,White-Estes,enterprise,NAM,Retail,1-50,Erica
ten_120,Johnson-Carlson,enterprise,EMEA,Government,1-50,Patricia
ten_121,Chandler-Edwards,enterprise,NAM,Government,1000+,Jill
ten_122,"Joyce, Wilson and Lam",starter,EMEA,Finance,1000+,Christopher
ten_123,Scott Ltd,enterprise,NAM,Manufacturing,1-50,Jeffrey
ten_124,Smith-Frost,business,NAM,Retail,51-200,Danielle
ten_125,"Mcdaniel, Bentley and Mclaughlin",starter,EMEA,Retail,1-50,Jill
ten_126,Diaz Inc,starter,APAC,Manufacturing,51-200,Jill
ten_127,"Mccall, Hanson and Alvarado",enterprise,LATAM,Government,201-1000,Erica
ten_128,Cortez LLC,enterprise,EMEA,Technology,201-1000,Patricia
ten_129,"Parker, Ortiz and Powell",enterprise,EMEA,Education,1-50,Angel
ten_130,Spencer-Lee,business,EMEA,Education,201-1000,Erica
ten_131,"Bentley, Byrd and Orr",starter,NAM,Manufacturing,1000+,Jeffrey
ten_132,"Carroll, Sullivan and Bass",starter,LATAM,Government,51-200,Angel
ten_133,Mitchell-Jordan,starter,LATAM,Healthcare,1-50,Joshua
ten_134,"Lawson, Morris and Ramos",starter,LATAM,Education,51-200,Joshua
ten_135,"Lewis, Kennedy and Santana",enterprise,NAM,Government,1-50,Erica
ten_136,"Jackson, Miller and Robertson",starter,EMEA,Manufacturing,51-200,Erica
ten_137,"Harvey, Davis and Crane",starter,LATAM,Legal,1-50,Jeffrey
ten_138,Chambers and Sons,starter,EMEA,Manufacturing,1-50,Joshua
ten_139,Hernandez Inc,business,EMEA,Technology,201-1000,Jeffrey
ten_140,Riggs PLC,starter,EMEA,Retail,1000+,Jill
ten_141,Gibson Ltd,business,EMEA,Technology,51-200,Danielle
ten_142,"Lee, Horton and Snyder",starter,NAM,Healthcare,51-200,Erica
ten_143,Hernandez Ltd,business,LATAM,Finance,201-1000,Jill
ten_144,Stafford Inc,starter,LATAM,Education,51-200,Angel
ten_145,Robinson-Brock,starter,APAC,Manufacturing,51-200,Angel
ten_146,"Holmes, Williams and Wright",starter,NAM,Manufacturing,51-200,Jill
ten_147,Bryant Group,starter,APAC,Healthcare,201-1000,Jeffrey
ten_148,"Schmidt, Hansen and Stewart",business,EMEA,Legal,51-200,Angel
ten_149,Salazar-Ball,starter,EMEA,Retail,201-1000,Christopher
ten_150,"Simmons, Meadows and Griffin",starter,NAM,Manufacturing,201-1000,Danielle
ten_151,Manning Group,business,EMEA,Manufacturing,201-1000,Patricia
ten_152,Green-Wright,enterprise,NAM,Manufacturing,1-50,Jeffrey
ten_153,"Ramirez, Strickland and Washington",starter,EMEA,Manufacturing,1-50,Jill
ten_154,Hill Inc,starter,LATAM,Finance,51-200,Jill
ten_155,"Mitchell, Nelson and Flores",starter,LATAM,Manufacturing,1-50,Joshua
ten_156,"Miller, Hernandez and Reyes",business,NAM,Finance,1-50,Jeffrey
ten_157,Mccarthy Inc,starter,EMEA,Manufacturing,201-1000,Angel
ten_158,Russell-Daniels,enterprise,EMEA,Healthcare,1-50,Patricia
ten_159,Brown-Wall,business,EMEA,Healthcare,51-200,Angel
ten_160,Stein-Silva,starter,NAM,Government,1-50,Patricia
ten_161,"Smith, Gilmore and Johnston",enterprise,EMEA,Technology,201-1000,Jill
ten_162,Smith-Bell,starter,NAM,Retail,1-50,Jeffrey
ten_163,Castaneda-Ashley,business,EMEA,Finance,51-200,Christopher
ten_164,Medina-Navarro,starter,NAM,Education,201-1000,Patricia
ten_165,"Hurst, Freeman and Nelson",starter,EMEA,Legal,201-1000,Erica
ten_166,Johnson-Rogers,starter,NAM,Education,51-200,Patricia
ten_167,"Yates, Ramsey and Pittman",starter,EMEA,Retail,1-50,Angel
ten_168,Hooper PLC,business,EMEA,Retail,1-50,Joshua
ten_169,Meadows PLC,starter,APAC,Healthcare,1-50,Christopher
ten_170,"Alvarado, Miller and Patterson",business,NAM,Manufacturing,201-1000,Erica
ten_171,White-Green,starter,NAM,Government,51-200,Erica
ten_172,Lewis-Murphy,business,EMEA,Manufacturing,201-1000,Angel
ten_173,Ramirez-Bean,business,NAM,Education,51-200,Danielle
ten_174,King-Miller,business,EMEA,Legal,51-200,Danielle
ten_175,Curry Inc,business,NAM,Retail,1-50,Christopher
ten_176,Walker-Jones,enterprise,EMEA,Manufacturing,1000+,Patricia
ten_177,"Williams, Johnson and Wright",business,APAC,Manufacturing,1-50,Angel
ten_178,Howell and Sons,business,NAM,Retail,51-200,Joshua
ten_179,Wells Inc,enterprise,NAM,Education,1-50,Angel
ten_180,"Gould, Marshall and Scott",starter,APAC,Healthcare,51-200,Patricia
ten_181,Jackson-Lawson,business,EMEA,Technology,51-200,Christopher
ten_182,"Higgins, Strickland and Martin",starter,EMEA,Healthcare,51-200,Danielle
ten_183,Rodriguez-Johnson,business,EMEA,Education,1-50,Joshua
ten_184,Johnston-Odonnell,enterprise,EMEA,Manufacturing,201-1000,Jeffrey
ten_185,Sanders-Espinoza,enterprise,EMEA,Technology,51-200,Christopher
ten_186,Vargas Ltd,enterprise,NAM,Government,201-1000,Patricia
ten_187,Garcia LLC,enterprise,EMEA,Government,1-50,Christopher
ten_188,"Burke, Martinez and Riggs",enterprise,NAM,Healthcare,1-50,Joshua
ten_189,Reed Group,starter,APAC,Healthcare,1000+,Jeffrey
ten_190,"Wood, Hunter and Peterson",enterprise,NAM,Education,51-200,Jeffrey
ten_191,Short-Garcia,starter,EMEA,Healthcare,201-1000,Erica
ten_192,Reid-Poole,business,LATAM,Legal,201-1000,Joshua
ten_193,"Hernandez, Thompson and Boyd",business,EMEA,Healthcare,1-50,Jeffrey
ten_194,"Nelson, Morton and Medina",enterprise,EMEA,Government,1-50,Angel
ten_195,Marshall-Petersen,starter,EMEA,Legal,51-200,Danielle
ten_196,"Adams, Christian and Rivas",business,EMEA,Finance,51-200,Jeffrey
ten_197,Ramirez Group,starter,EMEA,Manufacturing,1-50,Danielle
ten_198,Christensen PLC,starter,EMEA,Manufacturing,1-50,Danielle
ten_199,"Barnett, Rogers and Snyder",starter,NAM,Healthcare,201-1000,Erica
ten_200,White-Lewis,starter,APAC,Retail,201-1000,Christopher
ten_201,Peterson-Beard,enterprise,APAC,Healthcare,201-1000,Christopher
ten_202,"Beard, Peters and Black",starter,APAC,Manufacturing,1000+,Patricia
ten_203,Miller Ltd,enterprise,EMEA,Technology,1-50,Danielle
ten_204,Freeman-Chang,enterprise,APAC,Education,201-1000,Christopher
ten_205,"Alvarez, Joseph and West",enterprise,NAM,Legal,51-200,Jill
ten_206,Davis and Sons,enterprise,NAM,Retail,51-200,Erica
ten_207,Holt-Torres,starter,EMEA,Education,1-50,Christopher
ten_208,"Wood, Tran and Cooper",starter,NAM,Education,1-50,Danielle
ten_209,"Pierce, Bell and Chavez",starter,NAM,Retail,1000+,Joshua
ten_210,King-Martinez,enterprise,EMEA,Healthcare,1-50,Erica
ten_211,Stewart Ltd,starter,NAM,Legal,1000+,Erica
ten_212,"Tapia, Vaughn and Lee",business,NAM,Education,51-200,Jill
ten_213,"Washington, Hardy and Bray",starter,NAM,Education,1000+,Angel
ten_214,"Carlson, Hooper and Wall",starter,EMEA,Government,201-1000,Christopher
ten_215,Perez-White,starter,EMEA,Legal,1000+,Erica
ten_216,Erickson and Sons,business,NAM,Government,201-1000,Joshua
ten_217,Williams-Brown,business,APAC,Technology,201-1000,Danielle
ten_218,Terry-Martinez,starter,APAC,Retail,51-200,Angel
ten_219,Garcia-Smith,starter,NAM,Education,201-1000,Angel
ten_220,Harrison-Alexander,starter,NAM,Manufacturing,1-50,Joshua
ten_221,Sheppard LLC,business,LATAM,Finance,201-1000,Joshua
ten_222,Wilson-Jones,starter,EMEA,Government,201-1000,Jill
ten_223,Jones-Soto,starter,EMEA,Government,51-200,Angel
ten_224,Hernandez PLC,starter,EMEA,Manufacturing,201-1000,Danielle
ten_225,Miller-Wright,enterprise,LATAM,Government,201-1000,Patricia
ten_226,"Duran, Obrien and Gibbs",business,NAM,Government,51-200,Patricia
ten_227,Rowe Group,starter,EMEA,Education,51-200,Jeffrey
ten_228,Kerr-Evans,starter,NAM,Manufacturing,1000+,Joshua
ten_229,"Branch, Torres and Oliver",business,EMEA,Legal,1-50,Christopher
ten_230,"Choi, Garcia and Farmer",starter,APAC,Education,1-50,Joshua
ten_231,"Clark, Guerrero and Moore",enterprise,EMEA,Retail,51-200,Christopher
ten_232,Arnold and Sons,business,EMEA,Education,51-200,Jeffrey
ten_233,Ortiz Ltd,starter,EMEA,Legal,1-50,Danielle
ten_234,"Harrison, Johnson and Roberts",enterprise,NAM,Education,51-200,Patricia
ten_235,Warner-Gibson,starter,NAM,Healthcare,51-200,Christopher
ten_236,"Hall, Baker and Moody",business,EMEA,Healthcare,51-200,Erica
ten_237,"Guerrero, Peck and Coleman",business,EMEA,Education,51-200,Danielle
ten_238,"Walker, Hernandez and Baker",starter,NAM,Retail,51-200,Joshua
ten_239,Jones and Sons,starter,EMEA,Government,51-200,Christopher
ten_240,Larson-Holloway,business,EMEA,Healthcare,1000+,Jill
ten_241,Gonzales-Harrison,business,NAM,Legal,1-50,Jeffrey
ten_242,Lyons-Bender,starter,NAM,Education,1-50,Jeffrey
ten_243,"Fernandez, Kim and George",starter,EMEA,Legal,51-200,Joshua
ten_244,Navarro-Munoz,business,APAC,Legal,201-1000,Danielle
ten_245,Davis Ltd,starter,EMEA,Legal,51-200,Erica
ten_246,"Matthews, Smith and Hubbard",enterprise,EMEA,Manufacturing,201-1000,Jill
ten_247,Johnston-Hines,business,EMEA,Government,1-50,Jill
ten_248,Ruiz Ltd,business,NAM,Manufacturing,51-200,Jill
ten_249,Moon-White,starter,EMEA,Education,201-1000,Joshua
ten_250,"Graham, Olsen and Costa",starter,EMEA,Legal,201-1000,Christopher
ten_251,Bailey-Cook,starter,LATAM,Government,1-50,Jeffrey
ten_252,"Garcia, Martin and Jenkins",starter,EMEA,Technology,1-50,Patricia
ten_253,Roberts-Landry,starter,APAC,Finance,1000+,Joshua
ten_254,"Johnson, Miller and King",business,NAM,Technology,201-1000,Jill
ten_255,Cordova Group,starter,NAM,Technology,51-200,Danielle
ten_256,"Bryan, Smith and Booth",enterprise,LATAM,Finance,1000+,Patricia
ten_257,Gutierrez-Lopez,business,APAC,Finance,1-50,Angel
ten_258,Dean-Jimenez,enterprise,LATAM,Legal,201-1000,Joshua
ten_259,Wolf-Harris,enterprise,EMEA,Legal,51-200,Joshua
ten_260,"Anderson, Roberts and Gilmore",starter,NAM,Technology,1-50,Patricia
ten_261,Martinez-Dudley,enterprise,NAM,Healthcare,1-50,Joshua
ten_262,"Lloyd, Mckinney and Collins",business,EMEA,Technology,51-200,Jill
ten_263,Tran Inc,enterprise,EMEA,Manufacturing,201-1000,Danielle
ten_264,Gay Inc,business,NAM,Government,201-1000,Jill
ten_265,Valentine-Holland,starter,NAM,Legal,201-1000,Erica
ten_266,Jimenez Ltd,business,APAC,Technology,201-1000,Angel
ten_267,Hicks-Hill,business,EMEA,Healthcare,1-50,Jeffrey
ten_268,Baird-Sanchez,business,APAC,Legal,1-50,Jeffrey
ten_269,"Thomas, Lee and Greene",business,NAM,Finance,51-200,Patricia
ten_270,"Suarez, Shields and Hill",business,NAM,Government,201-1000,Patricia
ten_271,Morgan-French,starter,NAM,Finance,51-200,Angel
ten_272,Hoover-Campbell,business,LATAM,Legal,1-50,Patricia
ten_273,Monroe-Carpenter,starter,LATAM,Education,51-200,Patricia
ten_274,"Burns, Hernandez and Ryan",business,EMEA,Retail,201-1000,Erica
ten_275,Cook-Hines,starter,EMEA,Technology,201-1000,Danielle
ten_276,Gibson-Morris,starter,NAM,Education,201-1000,Jeffrey
ten_277,Pollard and Sons,business,LATAM,Healthcare,1-50,Patricia
ten_278,"Reyes, Chase and Jenkins",starter,EMEA,Healthcare,1-50,Danielle
ten_279,Garner-Thornton,business,EMEA,Finance,51-200,Jeffrey
ten_280,Hughes-Alvarado,business,NAM,Government,1-50,Erica
ten_281,"Pollard, Simpson and Johnson",business,EMEA,Retail,1000+,Jeffrey
ten_282,"Sanford, Rivera and Garcia",business,LATAM,Retail,51-200,Patricia
ten_283,Garcia-Lozano,business,NAM,Manufacturing,201-1000,Patricia
ten_284,Bowen Group,starter,NAM,Technology,51-200,Joshua
ten_285,"Booker, Jones and Harrington",enterprise,NAM,Education,51-200,Joshua
ten_286,Morgan-Schwartz,starter,NAM,Legal,201-1000,Angel
ten_287,"Miller, Murphy and Craig",business,EMEA,Finance,201-1000,Jeffrey
ten_288,"James, Stewart and Higgins",enterprise,NAM,Manufacturing,51-200,Danielle
ten_289,Brennan-Johnson,starter,NAM,Legal,1000+,Jeffrey
ten_290,Young Ltd,starter,APAC,Education,51-200,Erica
ten_291,Bright-Francis,starter,NAM,Legal,201-1000,Erica
ten_292,Good-Hodges,enterprise,EMEA,Technology,201-1000,Danielle
ten_293,"Brennan, Wallace and Benson",starter,NAM,Government,1-50,Erica
ten_294,Williams Inc,starter,NAM,Manufacturing,1-50,Christopher
ten_295,Howard-Jordan,enterprise,NAM,Manufacturing,1-50,Christopher
ten_296,Schmidt PLC,starter,NAM,Healthcare,1000+,Danielle
ten_297,"Sparks, Jackson and Miller",business,EMEA,Retail,1-50,Christopher
ten_298,Harvey-Allen,starter,LATAM,Legal,201-1000,Danielle
ten_299,"Thomas, Murray and King",starter,EMEA,Government,51-200,Jill
ten_300,Estrada-Nolan,starter,NAM,Retail,1-50,Angel
ten_301,Santana-Byrd,starter,NAM,Manufacturing,1-50,Patricia
ten_302,Jones LLC,starter,LATAM,Technology,1-50,Angel
ten_303,"Evans, Hayden and Vaughn",business,NAM,Education,51-200,Danielle
ten_304,Bruce-Gonzalez,business,NAM,Education,51-200,Erica
ten_305,Castaneda-Rodriguez,business,APAC,Finance,1-50,Christopher
ten_306,Armstrong-Andrews,starter,LATAM,Finance,1-50,Erica
ten_307,"Phillips, Spence and Barrett",starter,APAC,Education,1000+,Jill
ten_308,Smith-Grimes,starter,NAM,Manufacturing,51-200,Joshua
ten_309,"Beltran, Lozano and Mcgee",business,NAM,Manufacturing,1-50,Patricia
ten_310,Parsons-Hall,starter,LATAM,Manufacturing,1-50,Jill
ten_311,Robinson-Lee,business,EMEA,Education,51-200,Patricia
ten_312,Byrd-Le,starter,NAM,Healthcare,1-50,Patricia
ten_313,"Becker, Taylor and Davis",business,EMEA,Healthcare,1-50,Jill
ten_314,"Lucas, Parker and Alexander",business,EMEA,Retail,51-200,Patricia
ten_315,"Diaz, Anderson and Browning",starter,EMEA,Manufacturing,201-1000,Danielle
ten_316,Burgess-Thompson,starter,NAM,Technology,51-200,Joshua
ten_317,Buchanan LLC,business,EMEA,Retail,1-50,Patricia
ten_318,"Shaw, Nelson and Martin",starter,EMEA,Technology,201-1000,Christopher
ten_319,Coffey-Phillips,business,EMEA,Finance,1000+,Erica
ten_320,Brock-Mcdonald,enterprise,NAM,Education,201-1000,Joshua
ten_321,Taylor and Sons,starter,EMEA,Manufacturing,1-50,Patricia
ten_322,"Ramsey, Whitney and Coffey",enterprise,LATAM,Technology,51-200,Jill
ten_323,"Diaz, Gibbs and Smith",enterprise,LATAM,Technology,51-200,Joshua
ten_324,"Martinez, Richardson and Curry",business,LATAM,Technology,51-200,Jill
ten_325,Richards-Carson,starter,NAM,Retail,51-200,Jeffrey
ten_326,Rodriguez-Hall,starter,APAC,Healthcare,51-200,Christopher
ten_327,Harvey PLC,business,NAM,Finance,201-1000,Erica
ten_328,Herman-Walker,business,EMEA,Technology,201-1000,Erica
ten_329,Reid Group,starter,LATAM,Education,1000+,Erica
ten_330,"Turner, Ortiz and Taylor",enterprise,EMEA,Technology,51-200,Jeffrey
ten_331,Torres Group,business,NAM,Retail,51-200,Danielle
ten_332,Davis PLC,business,EMEA,Retail,51-200,Erica
ten_333,Price LLC,business,NAM,Legal,201-1000,Christopher
ten_334,"Avery, Horton and Fernandez",starter,EMEA,Manufacturing,51-200,Joshua
ten_335,"Newton, Moore and Perry",enterprise,EMEA,Retail,51-200,Patricia
ten_336,Bass PLC,enterprise,NAM,Retail,51-200,Patricia
ten_337,Crosby-Ramirez,starter,NAM,Education,51-200,Jeffrey
ten_338,"Wood, Ramos and Sampson",starter,NAM,Retail,51-200,Jeffrey
ten_339,Garcia-Jennings,starter,NAM,Manufacturing,51-200,Patricia
ten_340,"Winters, Newman and Brown",business,NAM,Government,1000+,Angel
ten_341,Lopez-Martinez,business,EMEA,Retail,51-200,Joshua
ten_342,Davis-Lewis,business,NAM,Education,1-50,Joshua
ten_343,"Harper, Smith and Buchanan",business,EMEA,Legal,51-200,Erica
ten_344,Zhang PLC,starter,APAC,Legal,51-200,Christopher
ten_345,Jones PLC,business,EMEA,Finance,201-1000,Jeffrey
ten_346,Willis and Sons,starter,EMEA,Legal,51-200,Christopher
ten_347,Schroeder-Kramer,business,APAC,Manufacturing,51-200,Danielle
ten_348,"Smith, Garrison and Thomas",business,LATAM,Healthcare,201-1000,Jeffrey
ten_349,Fernandez and Sons,starter,EMEA,Healthcare,51-200,Angel
ten_350,Guerrero Inc,business,NAM,Education,1-50,Joshua
ten_351,Smith and Sons,business,NAM,Government,51-200,Joshua
ten_352,"Morris, Thompson and Williams",starter,NAM,Healthcare,1-50,Patricia
ten_353,"Fisher, Wilson and Brown",enterprise,EMEA,Retail,1-50,Erica
ten_354,Strickland-Palmer,enterprise,EMEA,Retail,51-200,Jill
ten_355,Hayes and Sons,business,NAM,Healthcare,51-200,Jill
ten_356,"Williams, Logan and Camacho",business,LATAM,Manufacturing,51-200,Angel
ten_357,"Turner, Schneider and Johnson",business,NAM,Healthcare,201-1000,Patricia
ten_358,Boone-Simmons,starter,EMEA,Government,51-200,Joshua
ten_359,Henry Group,business,APAC,Finance,1-50,Christopher
ten_360,Lam LLC,starter,NAM,Education,1-50,Joshua
ten_361,"Hernandez, Martinez and Weber",enterprise,NAM,Government,1-50,Joshua
ten_362,"Kelley, Nguyen and Vang",starter,APAC,Education,201-1000,Angel
ten_363,"Phillips, Wagner and Jordan",starter,NAM,Legal,1-50,Erica
ten_364,"Wilson, Pena and Rich",enterprise,NAM,Legal,1-50,Patricia
ten_365,"Le, Lewis and Hayes",starter,EMEA,Government,1-50,Joshua
ten_366,Gutierrez Group,business,NAM,Finance,51-200,Joshua
ten_367,Perry-Davis,business,LATAM,Legal,201-1000,Angel
ten_368,Edwards-Scott,enterprise,NAM,Education,51-200,Patricia
ten_369,Mcdaniel Group,starter,NAM,Technology,51-200,Jill
ten_370,Davis Inc,starter,APAC,Technology,51-200,Jeffrey
ten_371,Reynolds Ltd,business,APAC,Technology,51-200,Angel
ten_372,"Watson, Anderson and Brown",starter,NAM,Finance,1000+,Erica
ten_373,"Hoffman, Santiago and Jenkins",starter,NAM,Retail,201-1000,Angel
ten_374,"Pugh, Henderson and Moon",starter,EMEA,Finance,1000+,Patricia
ten_375,Schmitt PLC,business,APAC,Education,201-1000,Angel
ten_376,Bell-Lane,business,EMEA,Government,1-50,Jeffrey
ten_377,Moore Group,enterprise,EMEA,Healthcare,51-200,Patricia
ten_378,Boone LLC,business,EMEA,Education,1-50,Danielle
ten_379,"Richardson, Farmer and Andrews",starter,EMEA,Retail,201-1000,Joshua
ten_380,Bruce-Villegas,business,APAC,Government,1-50,Joshua
ten_381,"Austin, Day and Johnson",business,APAC,Finance,51-200,Patricia
ten_382,"Gallegos, Adams and White",starter,LATAM,Healthcare,51-200,Erica
ten_383,"Farmer, Dorsey and Bell",starter,EMEA,Government,201-1000,Angel
ten_384,Kane PLC,starter,APAC,Finance,1-50,Christopher
ten_385,"Morales, Thomas and Schultz",starter,LATAM,Finance,51-200,Patricia
ten_386,Davis PLC,starter,EMEA,Healthcare,51-200,Angel
ten_387,Bennett Group,starter,EMEA,Finance,1000+,Angel
ten_388,Moore-Collins,enterprise,EMEA,Legal,1-50,Jeffrey
ten_389,Frank-Bradley,starter,NAM,Legal,1000+,Jeffrey
ten_390,Ware and Sons,starter,EMEA,Education,1-50,Erica
ten_391,Webster Inc,business,EMEA,Education,201-1000,Jill
ten_392,"Miller, Ramos and Coleman",starter,NAM,Finance,1000+,Joshua
ten_393,"Ramos, Nelson and Fischer",starter,APAC,Education,201-1000,Erica
ten_394,Reed Inc,business,EMEA,Retail,51-200,Patricia
ten_395,Gregory-Watkins,starter,NAM,Retail,1-50,Jill
ten_396,"Estrada, Williams and Foster",enterprise,NAM,Manufacturing,51-200,Jill
ten_397,"Brown, Harris and Dougherty",starter,APAC,Healthcare,1-50,Joshua
ten_398,Duran LLC,business,NAM,Technology,51-200,Christopher
ten_399,Wilson-Jimenez,starter,APAC,Government,201-1000,Danielle
ten_400,Thompson-James,starter,EMEA,Technology,1000+,Patricia
ten_401,"Hall, Hansen and Barnett",business,APAC,Retail,1-50,Patricia
ten_402,Jones-Hensley,starter,EMEA,Legal,1-50,Joshua
ten_403,Graham Group,starter,EMEA,Education,51-200,Angel
ten_404,Atkins PLC,business,EMEA,Healthcare,1-50,Christopher
ten_405,Berry-Mckinney,enterprise,EMEA,Legal,1-50,Patricia
ten_406,Roberts-Sullivan,enterprise,EMEA,Education,1-50,Jeffrey
ten_407,Jackson-Meza,starter,APAC,Finance,51-200,Jeffrey
ten_408,Collier-Gillespie,business,NAM,Healthcare,1-50,Joshua
ten_409,Kim Inc,business,EMEA,Finance,1000+,Erica
ten_410,Graham Group,business,LATAM,Manufacturing,51-200,Joshua
ten_411,"Miller, Harrell and Reese",starter,APAC,Government,1-50,Christopher
ten_412,Cook and Sons,business,LATAM,Healthcare,1-50,Jeffrey
ten_413,Dixon Inc,starter,LATAM,Technology,51-200,Patricia
ten_414,"Hicks, Bullock and Bailey",starter,EMEA,Manufacturing,201-1000,Erica
ten_415,"Mullen, Brewer and Hernandez",enterprise,LATAM,Retail,51-200,Jeffrey
ten_416,Thomas and Sons,starter,NAM,Retail,51-200,Angel
ten_417,Morrison Ltd,starter,NAM,Finance,51-200,Jeffrey
ten_418,Thompson Ltd,enterprise,LATAM,Manufacturing,1-50,Joshua
ten_419,Marshall-Elliott,starter,APAC,Manufacturing,1000+,Erica
ten_420,"Cole, Glass and Cunningham",business,EMEA,Government,51-200,Joshua
ten_421,"Downs, Morris and Maddox",business,LATAM,Manufacturing,1-50,Erica
ten_422,Hernandez-Jones,starter,EMEA,Government,1-50,Danielle
ten_423,Welch-Hogan,enterprise,APAC,Finance,1-50,Erica
ten_424,"Brown, Romero and Collins",enterprise,NAM,Healthcare,1000+,Joshua
ten_425,Johnson-Wood,starter,EMEA,Healthcare,201-1000,Erica
ten_426,Jones-Lin,business,NAM,Manufacturing,1-50,Angel
ten_427,Gilbert PLC,starter,NAM,Retail,201-1000,Christopher
ten_428,Ford-Spencer,enterprise,EMEA,Legal,201-1000,Jeffrey
ten_429,"Huang, Cole and Pacheco",starter,EMEA,Manufacturing,1-50,Angel
ten_430,"Lopez, Jacobs and Mason",starter,EMEA,Healthcare,51-200,Angel
ten_431,Hayes LLC,starter,NAM,Education,1000+,Joshua
ten_432,"Miller, Lucas and Williams",business,EMEA,Technology,1000+,Patricia
ten_433,"Kim, Gonzales and Mills",business,EMEA,Government,1-50,Angel
ten_434,Cox LLC,starter,EMEA,Finance,51-200,Jill
ten_435,Ortiz-Morgan,enterprise,EMEA,Finance,1-50,Jill
ten_436,"Williams, Mccoy and Cook",starter,EMEA,Education,51-200,Jill
ten_437,Davis-Gregory,starter,EMEA,Education,51-200,Christopher
ten_438,King-York,starter,EMEA,Government,51-200,Joshua
ten_439,"Marks, Cook and Aguilar",business,NAM,Education,1000+,Jeffrey
ten_440,Rangel LLC,business,NAM,Legal,51-200,Jeffrey
ten_441,"Hale, Myers and Larson",business,EMEA,Retail,1-50,Christopher
ten_442,Collins Group,starter,EMEA,Education,1-50,Patricia
ten_443,"Conner, Li and Santiago",starter,APAC,Government,51-200,Angel
ten_444,"Osborn, Gaines and Davis",starter,EMEA,Government,51-200,Danielle
ten_445,"Henderson, Cox and Cox",business,APAC,Healthcare,51-200,Joshua
ten_446,Bean LLC,business,NAM,Healthcare,201-1000,Erica
ten_447,Lee-Cooke,enterprise,NAM,Legal,1-50,Jill
ten_448,Jones Inc,business,NAM,Finance,51-200,Erica
ten_449,"Wise, Conley and Stephenson",business,LATAM,Manufacturing,1-50,Jill
ten_450,Stanley PLC,starter,NAM,Technology,1-50,Christopher
ten_451,Harper and Sons,business,NAM,Healthcare,1-50,Jeffrey
ten_452,White Ltd,enterprise,APAC,Manufacturing,201-1000,Joshua
ten_453,"Lamb, Martin and Kim",starter,EMEA,Finance,1-50,Jeffrey
ten_454,Diaz-Ball,enterprise,LATAM,Technology,1-50,Christopher
ten_455,Bishop-Goodwin,business,NAM,Technology,51-200,Christopher
ten_456,Young-Allen,starter,NAM,Manufacturing,1-50,Jill
ten_457,Mckee-Lee,business,EMEA,Retail,201-1000,Jeffrey
ten_458,"Valentine, Joyce and Murray",enterprise,EMEA,Education,51-200,Danielle
ten_459,Strickland-Shaw,business,NAM,Finance,1-50,Jill
ten_460,Burch-Montoya,business,NAM,Education,201-1000,Christopher
ten_461,"Taylor, Wright and Davidson",starter,NAM,Education,51-200,Danielle
ten_462,Spencer-Garcia,business,NAM,Government,1-50,Angel
ten_463,"Rosales, Mitchell and Hines",business,NAM,Government,1-50,Jill
ten_464,Cole-Palmer,starter,APAC,Education,201-1000,Joshua
ten_465,Davis-Lozano,business,EMEA,Education,51-200,Danielle
ten_466,Wilkerson-Arias,starter,EMEA,Technology,201-1000,Christopher
ten_467,Brown-Shaw,enterprise,EMEA,Retail,201-1000,Joshua
ten_468,Hughes Inc,starter,NAM,Retail,1000+,Erica
ten_469,Walker-Flores,business,NAM,Government,51-200,Erica
ten_470,Combs Ltd,starter,APAC,Legal,1-50,Angel
ten_471,Moody-Taylor,business,APAC,Education,51-200,Patricia
ten_472,Lowery-Kennedy,starter,LATAM,Manufacturing,51-200,Christopher
ten_473,Blake Group,starter,NAM,Retail,51-200,Danielle
ten_474,Gilbert-Bullock,starter,NAM,Retail,51-200,Angel
ten_475,Scott and Sons,starter,NAM,Legal,51-200,Danielle
ten_476,"Bentley, Lynch and Henderson",business,APAC,Technology,1-50,Danielle
ten_477,Young-Martinez,business,APAC,Government,1-50,Patricia
ten_478,Barnes PLC,business,APAC,Government,1000+,Christopher
ten_479,Brown-Copeland,business,NAM,Retail,51-200,Christopher
ten_480,Carlson-Smith,starter,EMEA,Technology,201-1000,Joshua
ten_481,"Andrews, Higgins and Carter",starter,EMEA,Manufacturing,201-1000,Danielle
ten_482,Mendez and Sons,starter,NAM,Finance,201-1000,Danielle
ten_483,"Butler, Beck and Miller",starter,EMEA,Government,51-200,Joshua
ten_484,Jones-Fox,starter,EMEA,Healthcare,201-1000,Jill
ten_485,"Hartman, Romero and Smith",business,APAC,Healthcare,51-200,Angel
ten_486,Williams-Hughes,starter,EMEA,Technology,201-1000,Jeffrey
ten_487,King-Smith,starter,EMEA,Legal,1000+,Christopher
ten_488,Cooper Ltd,starter,EMEA,Healthcare,201-1000,Christopher
ten_489,"Fuller, Ingram and Moss",starter,EMEA,Healthcare,1000+,Jeffrey
ten_490,Anderson-Bell,business,NAM,Healthcare,201-1000,Danielle
ten_491,Li-Thompson,enterprise,NAM,Healthcare,1-50,Danielle
ten_492,"Marshall, Dominguez and Welch",starter,EMEA,Manufacturing,201-1000,Jill
ten_493,Brown Group,enterprise,EMEA,Education,51-200,Christopher
ten_494,Carter Inc,starter,APAC,Retail,1-50,Danielle
ten_495,Blackwell LLC,starter,NAM,Legal,201-1000,Christopher
ten_496,Robertson-Hays,starter,NAM,Retail,51-200,Christopher
ten_497,"Kennedy, Johnson and Lucas",starter,EMEA,Manufacturing,1-50,Jeffrey
ten_498,Kelly-Norman,enterprise,NAM,Healthcare,51-200,Jeffrey
ten_499,"Rivera, Martinez and Richardson",business,EMEA,Finance,1-50,Joshua
ten_500,Paul-Kline,business,APAC,Healthcare,201-1000,Erica
